,category
Business Development (Sales),663
Graphic Design,568
Content Writing,566
Digital Marketing,528
Social Media Marketing,504
Human Resources (HR),478
Marketing,267
Operations,162
Video Making/Editing,157
Web Development,138
Search Engine Optimization (SEO),127
Telecalling,90
Accounts,75
Video Editing,64
Business Development,61
Flutter Development,58
Sales,56
Market Research,49
WordPress Development,49
Mobile App Development,48
Android App Development,47
Law/Legal,46
Interior Design,46
UI/UX Design,45
Full Stack Development,45
Photography,42
Sales &amp; Marketing,41
PHP Development,39
Social Media Management,36
Data Entry,35
Event Management,34
Lead Generation,34
Media &amp; Public Relations (PR),33
Customer Service,32
Recruitment,31
Fashion Design,31
Architecture,29
Finance,28
Field Sales,28
Product Management,27
Corporate Sales,26
Copywriting,26
Chartered Accountancy (CA),26
Client Servicing,25
Software Development,25
Backend Development,24
International Business Development,24
Talent Acquisition,23
Fundraising,22
Product Marketing,22
HR,21
Content &amp; E-Commerce Management,19
Motion Graphics,19
Front End Development,19
Python Development,18
Content Development (English),18
General Management,18
Customer Support,18
Administration,17
Email Marketing,17
HR Recruitment,17
Influencer Marketing,17
Teaching,16
Project Management,15
Business Research,13
Animation,13
Content Creation,13
Embedded Systems,13
.NET Development,13
Videography,13
Brand Management,12
Inside Sales,12
Node.js Development,12
Java Development,12
Mechanical Engineering,12
Electronics Engineering,11
Business Analytics,11
Community Management,11
Company Secretary (CS),11
UX/UI Design,11
Performance Marketing,10
Creative Design,10
Online Marketing,10
Game Development,10
Business Strategy,10
Anchoring,10
Software Testing,10
Database Building/Management,10
Data Analytics,10
Marketing &amp; Sales,9
Civil Engineering,9
Content Marketing,9
Artificial Intelligence (AI),9
Customer Acquisition,9
Social Media Content Creation,9
Travel &amp; Tourism,8
Research,8
Content Development,8
Creative Writing,8
ReactJS Development,8
Subject Matter Expert (SME),8
iOS App Development,8
Technical Content Writing,8
CA Articleship,8
Psychology,8
Office Assistance,8
Web Design,7
Data Science,7
Blockchain Development,7
Management Trainee,7
Machine Learning,7
React Native Development,7
Product Design,7
Social Media,7
Electrical Engineering,7
ASP.NET Development,6
Hotel Management,6
Software Development Engineering (Web),6
Financial Analysis,6
Supply Chain Management (SCM),6
Photo Editing,6
CAD Design,6
Business Analysis,6
E-commerce Management,6
Volunteering,6
Content Management,5
Visual Design,5
Pharmaceutical,5
Angular Development,5
Relationship Management,5
Blogging,5
Script Writing,5
Customer Success,5
Content Development (Mathematics),5
Editorial,5
Design,5
Angular.js Development,5
Crowdfunding,5
Project Coordination,5
Acting,5
Learning Coordination,5
DevOps,4
Sales and Marketing,4
Laravel Development,4
Cinematography,4
Software Engineering,4
Career Counseling,4
Marketing And Sales,4
Sales Coordination,4
HR Operations,4
Business Operations,4
Ruby On Rails Development,4
Data Entry Operations,4
Finance &amp; Accounts,4
Merchandising,4
IT Sales,4
Dietetics/Nutrition,4
Business,4
Social Work,4
Telesales,4
Data Analysis,4
Video Content Creation,4
Digital Content Creation,4
Office Administration,4
Fashion Styling,4
Admission Counseling,3
React Development,3
Automobile Engineering,3
Magento Development,3
Graphic Design &amp; Video Editing,3
Engineering Design,3
Mechatronics,3
Social Media Handling,3
Subject Matter Expert (Economics),3
Content Creation (Social Media),3
Client Acquisition,3
Marketing &amp; Operations,3
Photography &amp; Videography,3
Admission Counselling,3
Business Development Management,3
Research Analysis,3
Information Technology,3
Program Management,3
SEO Content Writing,3
News Writing,3
Website Content Writing,3
Virtual Assistance,3
Videography &amp; Photography,3
Back Office Operations,3
Video Creation,3
DevOps Engineering,3
Customer Relationship Management,3
Accountant,3
Sales &amp; Operations,3
Backend Operations,3
Business Development Associate,3
Policy Research,3
Fashion Photography,3
Graphic/Visual Design,3
Reel Creation,3
Marketing Executive,3
Creative Content Writing,3
3D Visualization,3
Facebook Marketing,3
Training Coordination,3
C++ Development,3
Fashion Assistance,3
Customer Care,3
Android Development,3
Public Relations (PR),3
Sales &amp; Support,3
YouTube Script Writing,3
Client Relationship,3
Website Development,3
Engineering,3
Executive Assistance,3
Cyber Security,3
UI/UX Development,3
Field Marketing,3
Growth Management,3
Google Ads,3
Flutter App Development,3
Production Assistance,3
Aerospace Engineering,3
Quality Assurance,3
Fashion Communication,3
Compliance,3
Data Annotation,3
Subject Matter Expert (Finance),2
Learning &amp; Development,2
Curriculum Development,2
Investment Banking,2
Organization Development,2
Counseling,2
Community Building,2
Education Counseling,2
IT Recruitment,2
SEO &amp; Content Writing,2
3D Printing,2
Production,2
Fundraising Coordination,2
Content Editing,2
Equity Research,2
Article Assistance,2
Social Media Marketing &amp; Operations,2
Growth,2
Curriculum Development (Emotional Intelligence),2
Human Resources &amp; Learning &amp; Development,2
Stock Market Management,2
Front Desk Management,2
QA Engineering,2
Operations (Sourcing),2
Legal,2
Webflow Development,2
Architecture &amp; Interior Design,2
Sales Operations,2
Film Production,2
Web3 Research,2
Accounts &amp; Administration,2
Academic Coordination,2
B2B Sales,2
Chemical Engineering,2
Catalog Management,2
E-Commerce Operations,2
Online Reputation Management,2
Marketing Management,2
Cloud Development (Backend),2
Content Management/Development,2
PR &amp; Communications,2
Operations Management,2
Artificial Neural Networks,2
Quantitative AlgoTrading,2
IT Operations,2
React.js Development,2
Robotics Training,2
Marketing &amp; Communication,2
Music Production,2
MIS,2
YouTube Video Editing,2
Outreach Management,2
Sales Management,2
Dietetics,2
Child Psychology,2
Video Creation and Editing,2
Journalism,2
Mechanical Design,2
Film Making,2
Computer Science,2
Front End Development (Angular),2
QA Analysis,2
Corporate Finance,2
Calculus (SME),2
Business Development (Sales &amp; Marketing),2
Teaching (English),2
Optometry,2
Vendor Management,2
Content Operations,2
Management,2
Automotive Design,2
Marketing Automation (Marketo Tool),2
Marketing Operations,2
Marketing/Sales,2
Accounts Assistance,2
Content Design,2
Social Media Content Writing,2
Django Development,2
Unity Development,2
Sales Representation,2
Auditing,2
Financial Strategy,2
Mass Communication,2
Academic Counselling,2
Android Teaching Assistant (Virtual),2
Social Media Account Management,2
Event Coordination,2
SEO,2
2D Animation,2
Teaching (Robotics),2
Web3 Content Writing,2
Python (AI/ML),2
Content Creating,2
Digital Marketing/SEO,2
Accounting,2
Assistant Operations,2
App Development,2
ECommerce Management,2
HR (Recruitment),2
Campaign Management,2
Lifestyle Video Making,2
Human Resources,2
3D Graphic Design,2
Interior Design &amp; Architecture,2
Technical Recruitment,2
Finance (Stock Market),2
Influencer Management,2
Brand Management &amp; Marketing,2
Accounts &amp; Taxation,2
Subject Matter Expert (Civil Engineering),2
Embedded Firmware Development,2
Brand Marketing,2
Industrial Design,2
3D Modeling,2
Audio Making/Editing,2
Content Writing (Tennis),2
Back Office,2
Instagram Marketing,2
Content Writing (Hindi News),2
Travel Consulting,2
Website Design,2
Data Validation,2
AI/ML Development,2
SEO Analysis,2
Equity Research Analysis,2
Affiliate Marketing,2
Technical Support Engineering,2
Email Marketing &amp; Market Research,2
React Native,2
YouTube Marketing,2
ROS Development,2
Illustration,2
Video Animation,2
Subject Matter Expert (Mechanical Engineering),2
Field Promotion,2
Accountancy,2
Social Media Manager,2
Video Creating,2
Academic Content Writing,2
JavaScript Development,2
Political Research,2
Logo Design,2
Accessory Design,2
Graphic Design And Video Editing,2
Brand Strategy,2
Sales Telecalling,2
Outbound Sales,2
Content Creation (Instagram),2
Wedding Planning,2
Mobile App Marketing,2
Web Designing,2
News Reporting,2
Corporate Relations,2
Sales Development,2
Office Coordination,2
Partnership Management,2
Sales Support,2
Data Research,2
Internet Of Things (IoT),2
Data Engineering,2
Pamphlet Distribution,2
Product Operations,2
Educational Counseling,2
Fashion Consultancy,2
Web3 Investor Education,2
Subject Matter Expert (Statistics),2
Internal Audit,2
E-commerce,2
Data Base,2
Content Writing (Storytelling),2
Computer Vision,2
Social Media Coordination,2
Content Development (Logical Reasoning),2
Telecalling (Hindi),2
Fashion Business Officer,2
Photography/Videography,2
Community Influencing,2
Virtual Event Management,1
Meme Creation- Twitter,1
Textile/Fashion/Accessories Design,1
Tele Marketing,1
Data Typing &amp; Audio Transcription (Malayalam),1
Engineering (Software),1
Custom Duty Analysis,1
HR Trainee,1
Branding And Marketing Executive,1
MERN Stack Development,1
Web Designing (Night Shift),1
Technical &amp; Fundamental Analysis (Capital Market),1
Business Development &amp; Business Strategy,1
Photography &amp; Media Production,1
Research (Startup Investment/Investment Banking),1
Venture Capital,1
International Business (Exports),1
Subject Matter Expert (SME) PCMB Hindi Medium Video Solutions,1
Yoga Management,1
Customer Relations,1
Google AdWords Specialist,1
Podcasting,1
Marketing &amp; Sales (Crossword Store),1
Education Counselling,1
Content Writing And Search Engine Optimization,1
Data Gathering &amp; Research,1
Social Media Marketing And Management,1
Executive- Business And Operations,1
Event Management (E-Sports),1
Real Time Doubt Solving/Subject Matter Expert (Mathematics),1
Project Support,1
Product Launch Shoot,1
Technical Marketing,1
Soil Microbiology,1
Programming Teaching,1
PPC/SEM,1
Research &amp; Data Gathering,1
Python Development (Machine Learning),1
Customer Representation,1
Content Writing/Social Media Management,1
Finance Operations,1
YouTube Channel Management,1
Academic Content Writing (Sociology),1
Paid Digital Marketing,1
HR (Projects),1
SME (Text Based Solutions) (GATE),1
Copy Editing,1
Java Spring Development,1
Teaching Assistant (Human Resource Management),1
Nutrition Consultation,1
Health Insurance Marketing,1
Game Testing,1
Animation &amp; Video Editing,1
CA/CS/CMA,1
Graphic Design And Vector Art,1
Training &amp; Development HR,1
IT Business Development &amp; Marketing,1
Sales Cum Customer Servicing,1
Technical Support (Voice),1
Technical Support &amp; Solutions,1
IT Business Analysis,1
Making Video Feedbacks,1
Fashion Video Making,1
Motion Graphics &amp; 2D Animation,1
Computer Hardware Basics,1
Cartoon Art,1
Executive Assistance/Personal Assistance,1
Data Entry And Web Scrapping,1
LinkedIn Management and Lead Generation,1
Influencer Campaign Management,1
Software Testing (QA),1
WordPress Backend Coding,1
Field Sales (Medical Software),1
Email Marketing (Malayalam/Keralite),1
Meme Creation,1
Customer Service Executive,1
Social Media Marketing &amp; Community Engagement,1
Content Development (Finance),1
Outbound Cold Calling/Sales,1
Styling &amp; Communications,1
3D Model Designing,1
3D Model Design,1
Entrepreneurship,1
Vlogging (YouTube),1
Telecalling - Growth Analysis,1
Architecture &amp; Interior,1
Analogue Design,1
Subject Matter Expert (Physics &amp; Mathematics),1
IT System Administration,1
Hindi Script Writing,1
New Product Development,1
Sales &amp; Partnership Operations,1
Trial Booking,1
Photo Editing &amp; Album Design,1
Mobile Application Development (Flutter),1
Accounting And Taxation,1
Telecalling &amp; Growth Counseling,1
Translation (Thai),1
Community Creation,1
Design &amp; Branding,1
WordPress Frontend Development,1
Sales - Lead Generation,1
No Code Development,1
Event Management &amp; Marketing,1
Content Writing (Marketing Blogs &amp; Social Media),1
Content &amp; Social Media,1
Assistance,1
Digital Marketing (Ads Expert),1
Content Writing/Typing,1
Physics Tutoring,1
Content Creation (Instagram Reels),1
Reporting &amp; Anchoring,1
Thruster Research,1
CA,1
Growth Marketing (EdTech startup),1
Assistant Direction,1
IT - Hardware &amp; Software,1
News Curation &amp; Reposting,1
SME (Video Solutions - Accounts),1
Content Creation (Video),1
Production Planning &amp; Control,1
Customer Engagement Through Ai,1
Business Development (Sales Support),1
Post Production Video Editing (Data Science),1
Cyber Security Analytics,1
Community Managament,1
Curriculum Development (AI/ML),1
Student Volunteering,1
Cloud Computing Development,1
SAT/ACT Content Development,1
Venture Capital Meeting Outreach,1
Sales &amp; Marketing Operations,1
Technical Support - L2,1
Content Writing (Therapy &amp; Mental Health),1
Excel Operations,1
WordPress User Interface (UI) Design,1
Client Engagement,1
Tutoring (Mathematics),1
Academic Content Writing (Mathematics),1
IT,1
Product Expertise For EV Infrastucture,1
Accounts &amp; Audit,1
Bot Training,1
Chat Support Operations,1
Operations (Customer Support),1
Sustainability Architecture &amp; Green Building Certifications,1
Creative Copywriting,1
Event Sales,1
Assistant in Research,1
Customer Support Representative,1
Research &amp; Analysis (Mutual Fund),1
Retail Broking &amp; Distribution,1
B2B Channel Growth Management (Finance Sales),1
React Native Developer,1
Experimental Physics,1
Accounts/ Finance,1
Creative Graphic Design,1
AI Analytics,1
Drone Development Training,1
TLM Creation,1
Early Interventionist Psychology Therapy,1
Anti-Money Laundering/Transaction Monitoring,1
Academic Content Writing (Finance),1
Content And Digital Marketing,1
Digital Sketch/Doodle Art,1
Interior Design (Teaching),1
Bubble.io Development,1
Facebook Advertising,1
Graphic Design &amp; Video Making,1
Web Development Teaching Assistance (Virtual),1
WordPress Design (using Themes &amp; Plugins),1
Teaching Assistant (Digital Marketing),1
Digital Content Writing,1
Video Solutions,1
Lecture Creation (Computer Science),1
Community Development,1
Export Business Research,1
People Operations,1
Python and Machine Learning,1
Live Event Hosting,1
Content Story Writing,1
Real Estate Locating,1
Electronics &amp; Communication Engineering,1
Project Assistance,1
Operations (Male),1
"Content Writing (Web3, Crypto, Blockchain)",1
"Cloud, Networks And Data-center Administration (Linux Admin, CCNA)",1
RPA/UiPath,1
Real-time Doubt Solving/Subject Matter Expert (Physics),1
Software Development - Web (Angular),1
React Frontend Engineering,1
Content Writing (Cricket),1
Internet Of Things (IoT) (intern),1
AI/Robotics Training,1
Technical Assistance,1
Field Market Scoping &amp; User Research Analysis,1
Back Office In-Office Sales &amp; Operations,1
Capacity Building (Social Sector),1
iOS App UI Development,1
HR Recuritment/Talent Acquisition,1
Social Media Management &amp; Market Research,1
Outreach,1
Engineering Research,1
Visual Communication Design,1
Game Art,1
Awareness Program Coordination,1
Chef,1
Executive Assistance &amp; MIS,1
Accounts Administration,1
PowerPoint Making &amp; Presenting,1
Application Engineering,1
Data Analytics &amp; Operations (CEO's Office),1
Cloud Engineering (Projects),1
HTML Design,1
Human Resources (HR) Cum Admin,1
Content Strategy,1
Subject Matter Expert (Electrical &amp; Electronics Engineering),1
German Assistance &amp; Tutoring,1
Technical Operations (Lithium Ion Battery Pack Assembly),1
Content Creation (Finance),1
Content Creation &amp; Inbound Marketing,1
Backend Development (Laravel),1
Graphic &amp; UI/UX Design,1
Telecalling - Hindi,1
Social Media Marketing/Content Writing,1
Content Writing (Jaipur),1
Implementation of Accounting/Lending Software,1
Anchoring (YouTube),1
English Faculty,1
Visiting Students' Research Programme (VSRP-2021),1
Seafarer Documetation Trainee,1
Google Ads PPC,1
ReactJS,1
Digital Marketing Management,1
Additive Manufacturing (FDM),1
Assistant to CEO,1
Embedded Hardware Development &amp; Testing,1
Lyrics Writing,1
Legal Content Creation,1
Node.js and Express.js Development,1
Digital Marketing And Social Media Content Creation,1
Program Facilitation,1
Community Assistance,1
Showroom Sales,1
PHP And WordPress Web Development,1
YouTube SEO Expertise,1
Telecalling (Bengali),1
Business Strategy &amp; Supply Chain,1
Sketch Artist,1
Management Information Systems (MIS),1
Account Management,1
Lab Research (Microbiology),1
Data Analysis/Management,1
GIS,1
Office Caretaking &amp; Operations,1
Innovation Course Creation &amp; Marketing,1
Social Media Campaigning,1
React Native &amp; Node.js,1
E-commerce Marketing &amp; Operations,1
Marketing and Strategy,1
Event Management - Operations,1
ARIS,1
Volunteering (College),1
Biotech/Biomedical,1
Academic Writing (Political Science And International Relations),1
Product Design (Game Design),1
Video Script Writer/Producer,1
Operations Fellowship,1
Student Doubt Solving (Physics/Chemistry/Science/Social Science),1
Fashion Marketing,1
Transcription (Marathi),1
Subject Matter Expert (Basic Mathematics/Advance Mathematics),1
Website &amp; Graphics Design,1
Event Management And Public Relation,1
Business Consulting And Corporate Finance,1
Digital Media,1
Project Processing,1
Global Western Bridal Fashion Market Research &amp; Analysis,1
Q&amp;A Restructuring (Advanced Physics) - Night Shift,1
Omni Sports Leadership (Skateboarding/Skating),1
Electrical Engineering Teaching,1
Project Architecture (BIM),1
Product Designing (Industrial),1
International Sales,1
Full Stack Development - MERN,1
Content Writing And Social Media Management,1
Technical,1
Insurance Sales,1
Catalyst Material Research,1
Angular Application Development,1
Content Development (Hindi),1
Arabic Typing/Keyboarding,1
Buisness Development (Sales),1
Digital Marketing Analytics,1
HR Recruitment (Australia),1
Software Development (Automation),1
B2B Corporate Sales,1
Office Management,1
Sales Promotion,1
Digital Marketing/Content Writing,1
Product Management (Travel Domain),1
Team Motivation And Team-Work Building,1
Cyber Security Sales,1
Video Editing (VFX Art),1
Software Development Project Management,1
IT Assessment Development,1
Electronics Design,1
Stenography/Personal Assistance,1
Business Development Support,1
Journalism - News Analysis (Research/Stocks/Equity/Blockchain/Cryptocurrencies),1
"Social Media Management, Sales And Design",1
US English Tutoring,1
Lead Generation Management,1
Social Media Content Strategist,1
Software Testing &amp; Quality Assurance,1
Graphic Designing,1
Content Writing (Business Studies),1
HR Talent Acquisition/Recruitment,1
Business Development (Sales) - French Speaking,1
Content Writing (All Subjects),1
Programming,1
ReactJS (Front End Development),1
Video Editing &amp; Motion Graphics,1
Logistics,1
HR Management,1
Content Writing And Content Creation,1
Video Editing (Final Cut Pro),1
Equity &amp; Derivatives Trading,1
Product Development,1
Proofreading &amp; Editing,1
Fundraising &amp; Donor Relations,1
Brand Partnership,1
Content Writing (Python),1
Charity Coordination,1
Accounting Assignments( Subject Matter Expert),1
Mobile App Development (Ionic &amp; React Native),1
Credit Counselling,1
Google Adwords,1
Content Creating (SQLite Documentation),1
Content Creation &amp; Editing Videos,1
English Content Writing,1
Sales Consultancy,1
Trial Booking Sales,1
VR Content Creation,1
Embedded Software Development,1
Website Content Editing,1
Delivery Management,1
Edtech Sales,1
Fashion Merchandise,1
Movie Plot Content Writing,1
Teaching Chemistry,1
Marketing And Content Creation,1
Telecalling - User Management,1
Internshala Student Partner,1
Associate Functional Consulting (HRIS),1
Graphic Design &amp; Event Management,1
Music Artist,1
CA Subject Matter Expert (Account And Finance),1
Enterprise Application,1
Software Development (Full Stack),1
Social Media Assistance,1
UI/UX Designing,1
Photography &amp; Editing,1
Application Support,1
Curriculum Design,1
Embedded Systems Development,1
Conversion Management,1
Import Export Documentation,1
Catalog Cleaning,1
Content Writing (Sports),1
Environmental Engineering,1
Desktop Support Engineering,1
Avionics/Electronic Design,1
Cybersecurity,1
Chat &amp; Call Support,1
CA Test Paper Curating,1
Presentation Specialist,1
Ads Marketing,1
SAP MM &amp; FICO,1
Operations Assistance,1
Power BI Development,1
3D Artist,1
Shadow COO (Assisting),1
Laravel Development Trainee,1
Computation Python Development,1
Java Full Stack Development,1
PHP Development - Laravel/CodeIgniter,1
Product Analytics,1
Branch Manager Operations,1
Data &amp; Research,1
Office Assistant,1
System Analyst,1
Admin &amp; Procurement,1
Business Development Analysis,1
Translation (English to Tamil),1
Business Development (Inside Sales),1
Lead Generation - CRM (SaaS),1
Android App Development (Kotlin/Java),1
Google Lead Generation,1
Social Media Marketing and Ecommerce Management,1
Direct Marketing,1
Software Testing &amp; Automation,1
Business Development Management (Sales),1
Clinical Nutritionist,1
Angular Testing,1
Film/Video Editing,1
Flutter/React Native Reskin Development,1
Product &amp; Packaging Design,1
Technical Assistant,1
Product Analysis,1
Merchandise Design,1
UX Writing/Communication,1
On Ground Sales Representation,1
PCB Embedded Engineering,1
Networking &amp; IT,1
Flutter App Development [WOW],1
Subject Matter Experts (NCERT K12),1
Google MIS,1
Outreach &amp; Collaboration,1
Teaching - Physics (IB/IGCSE Board),1
Project Managment,1
Algorithm Development,1
Documentation (Supply Chain Management),1
YouTube Vlogging,1
Legislative Assistance And Administration,1
WordPress,1
DevOps Kubernetes Deployment With Linux And Cloud,1
Webflow Development &amp; Graphic Design,1
Social Media Engagement,1
Content Development (Higher Hindi),1
Creative Production,1
Marketing &amp; Social Media,1
Mutual Funds Analysis,1
Content &amp; Social Media Management,1
Web Application,1
Electrical Engineering (NPD),1
Developer Mentoring,1
Content Editing &amp; Writing,1
Subject Matter Expert (Chemistry),1
Crypto SaaS Product Management,1
VLSI,1
Concept Art,1
Chemistry,1
Marketing (Promoter),1
Marketing Survey,1
Content Development (Activities &amp; Card Games),1
Media Coordination/Social Media Coordination,1
Content Writing (Hindi),1
Public Speaking - Mentoring,1
SEO &amp; SMO,1
Content Research,1
Business Development Executive,1
Creative Management,1
Energy Analyst,1
Google Web Stories Design,1
Education Renaissance Fellowship,1
Cost Accountancy,1
Testing (Java &amp; Python),1
Blender Animation &amp; Video Editing,1
Embedded Firmware Engineering,1
Subject Matter Expert (Advance Mathematics),1
Content Writing &amp; Social Media Management,1
Content &amp; Social Media Marketing,1
Monitoring,1
Phonics Training,1
React/Next JS Development,1
E-Commerce Management &amp; Social Media Marketing,1
Graphic Design ( Adobe InDesign),1
Operations (Product Research And Social Media),1
Etsy Management,1
Math Question Solving (Online),1
Delegate Acquisition,1
Talent Management,1
Airbnb Listing,1
Craft Curation &amp; Event Organization,1
B2B Sales Lead Dev,1
Video Presenting,1
Front End Development (In Angular/NodeJS),1
Tax Research,1
Business Research &amp; Content Writing,1
Client Servicing &amp; Brand Consulting,1
Content Writing (Reptile And Animal Articles),1
Creative Department Operations,1
Subject Matter Expert (Electrical/Electronics Engineering),1
Social Media Marketing And Recipe Content Writing,1
PHP/WordPress Development,1
Sales &amp; Social Media Marketing,1
Business Development (Sales) - Vlogging Services,1
Hindi News Presentation (Journalism),1
Social Media Marketing (Entertainment),1
Reception Management,1
Social Studies/General Studies Expert,1
Search Engine Optimization (Off-Page SEO),1
Innovation Engineering,1
Content Editing (Hindi),1
Subject Matter Expert (CSE/Probability),1
Agricultural Research,1
Amazon Marketplace,1
Area Management - Vendor Acquisition,1
Marketing Project Assistance,1
Marketing &amp; Social Media Management,1
Electronics Engineering &amp; Research,1
Personal Assistant (Nutrition And Fitness),1
Solidity Development,1
Digital Marketing (Social Media/SEO),1
Web UI/UX Development,1
Customer Success/Business Development,1
Android Development (With MVVM And Jetpack Compose),1
Content Creation &amp; Marketing,1
Media (Content Writing),1
Awareness Session Coordination,1
Unreal Engine Development,1
Event Management &amp; PR,1
Business Analysis/SAP B1 Functional Consultancy,1
E-Commerce And Administration,1
Craft Research &amp; Writing,1
Q&amp;A Restructuring (Advanced Physics),1
Unity 3D Game Development,1
Subject Matter Expert (Video Solutions -Hindi Language),1
Web/E-learning/Multi-Media Design,1
HR (Data Entry),1
Product Management Research,1
Online Sales And Marketing,1
Singing,1
Video Editing (Tutoring/Course Creating),1
Market Research (Startup Partnerships),1
Accounts &amp; Finance,1
HR Operation,1
Academic Content Writing (Chemistry),1
Process Consulting,1
Test Automation Engineering,1
French Language Teaching (Assistant),1
Graphic/Poster Design,1
Academic Counseling,1
Fluid Power Engineering,1
Online Reputation Management (ORM),1
AI,1
Stock Research Analysis,1
English Script Writing - Chess YouTube Channel,1
Human Resources (HR) - Recruitment,1
Summer Research,1
Computer Science Tutoring,1
Appointment Setting,1
Hardware &amp; Networking,1
Corporate Relations Management,1
Studio Coordination &amp; Styling,1
DIY Video Content Development,1
Calculus &amp; Statistics Tutoring (SME),1
Administration Operations,1
Video Solutions (PCMB - Pure Hindi),1
Survey Assistance,1
Proofreading,1
Front End Web Development,1
Sales Lead Generation,1
Finance (CA Firm),1
Teaching (Chemistry),1
SEO Backlink Creating,1
Social Media Marketing (TriveVibe),1
Content &amp; Copywriting,1
Photo Editing &amp; Photography (Weddings),1
Content Creation For Social Media,1
YouTube Operation,1
Filmmaking &amp; Video Editing,1
Google Ads Marketing,1
Executive Fellow For Project Drona,1
Full Stack Development Web3,1
Architecture - Draughtsman,1
AI On Edge,1
MES Application Development,1
QA Testing,1
Academic Assignment (Accounting/Finance/Auditing),1
Admin Management,1
Teaching Assistance (Tally),1
Content Writing (Tech/Gaming),1
3D Animation &amp; Design,1
Data Extractions And System Solutions,1
No-Code Development,1
Fundraising - Mental Health Workshop,1
Bussiness Development,1
Unity Game Development,1
Sustainable Tourism,1
React Native Frontend Development,1
Artist Management,1
Social Media Marketing &amp; Lead Generation,1
Circuit Design,1
Speciality Coffee Barista,1
Business Development - Music Industry,1
AP Math Tutor - USA Syllabus (Grade 11),1
Software Development (JavaScript/Node.js Development),1
Podcast Production,1
Content Writing (Finance),1
Economics Tutoring,1
Django Web Development,1
Social Sector Research (Proficiency In Telugu),1
Electrical And Communication Engineering,1
Travel Consultancy,1
2D Game Art,1
Research and Publication,1
SME (Text Based Solutions) (SSC),1
Java Serverless &amp; DevOps Engineering,1
Brand and Communication,1
Video/Photo Editing,1
"Content Writing (Food, Gardening &amp; Fashion Styling Niches)",1
Technical &amp; Fundamental Analysis (Equity Market),1
Science Teaching For STEM Workshop,1
Digital Immersion,1
Entertainment Reporting,1
Revenue Reporting,1
Print Media Operations,1
Operations &amp; Accounts Management,1
Law/ Legal,1
Digital Marketing/Marketing,1
Business Intelligence,1
Instagram Carousel Creation,1
QA (Software Testing),1
Content Coordination,1
Crowdfunding Coordination,1
Video Presenting For YouTube,1
Charity,1
Medical And Health Journalism,1
LinkedIn Marketing,1
Content Creation (Linux Documentation),1
Content Ops,1
Kannada Language Translation,1
Spoken English Tutoring,1
Product Curation,1
Drone Marketing &amp; Sales,1
Marketing Research,1
Website Support,1
Product Engineering (Mechanical &amp; Electrical),1
Social Sector Research - Bengali Language,1
Mathematics Tutoring,1
YouTube Marketing Management,1
YouTube Content Creation,1
Shopify Development And Design,1
Humanities Tutoring,1
Market Research (Material Science/Chemical),1
Xamarin Development,1
Telesales - Business Development,1
Pre Sales Solution,1
Digital Programming (Media &amp; Entertainment),1
Embedded/Electronics Engineering,1
PHP Backend Development,1
Make-Up &amp; Hair Styling,1
B2B Business Development,1
SAP B1 Software Development,1
Training &amp; Development,1
Sports Operations,1
Corporate Linkage,1
Farm Advisory (Agriculture),1
PHP Wordpress Development,1
Inside Sales Representative,1
"Business Development, Strategy, Research &amp; Stakeholder Management",1
.NET/C# Development,1
Student Counselling,1
Dentists (Product Execution) (Dental MNC),1
Subject Matter Expert/Resource Expert,1
Event Management Production &amp; Operations,1
Front Desk Operations,1
Spring Boot,1
Campaign,1
HTML/CSS &amp; Bootstrap,1
SME Management,1
Content And Social Media,1
Accounts And Administration,1
"Content Development (English, Reasoning, Quantitative Aptitude)",1
Accounting &amp; Life Cycle Assessment (LCA),1
CA (Articleship),1
Operations (Image Curation),1
Startup Analysis &amp; Coordination (Operations),1
Chemistry Tutoring,1
Subject Matter Expert (Organic Chemistry),1
Software Support,1
Finance Implementation,1
Human Resources (HR) Operations,1
Content Writing (PCM),1
Sales (Travel &amp; Tourism),1
Audit &amp; Accounts Assistant,1
Marketing - Video Editing,1
"Celebrity Onboarding (Celebrity Platform, Chembur)",1
Marketing - AI,1
Content Writing (Medical Students/FMG),1
Full Stack Zoho Development,1
Inventory Management,1
Creative Communication,1
Robotics &amp; IoT,1
Telesales/Support,1
User Manual - Functional/Technical Writing,1
Network Engineering,1
Sales/Business Development,1
Tellecalling - User Management,1
Hydraulic Engineering,1
Instagram Management,1
Voiceover,1
Social Media Marketing (Influencing),1
Golang Development,1
Instagram Influencer,1
Applied Psychology,1
English Programming,1
Academic Content Expert for Physics (English),1
Table Tennis Coaching,1
Wedding Video Editing,1
Software Development (Flutter &amp; REST API Development),1
Interior Design/Architecture/Space Transforming,1
Motion Design,1
Influencer Onboarding and Management,1
Mental Health,1
Marketing And Social Media,1
Video Editing (YouTube &amp; Instagram),1
Operations &amp; Maintenance,1
Company Secretary (Trainee),1
Fashion Blogging/Copywriting,1
Auditing Operations,1
Architecture/Interior Design,1
Creator Outreach,1
Video Making/Editing (Dubai-Based),1
Operations And Business Development,1
Omni Sports Leadership (Skateboarding/Inline Skates),1
Data Entry Operation,1
Sourcing,1
Video Making/Editing (YouTube Shorts),1
Content And SEO Management,1
On-field Research,1
Hands-on Electronic Hardware Platform (EE Lab Education),1
Teaching (Business Studies),1
Video Making/Editing &amp; Photography,1
Content Writing/Social Media,1
Sales Executive (Sales),1
Editorial/Journalism,1
Sales (Operations),1
YouTube Teaching,1
Brand Associate,1
Recruitment (Supply Building),1
Tele-Marketing,1
Social Media Managemnet,1
International Currency And Commodity Market Analysis,1
Content Writing (Entertainment),1
Computer Science (Algorithms And Data Structures),1
Video Script/Making,1
Software Engineering - I,1
Digital Marketing (Nutrition and Fitness),1
Electrical &amp; Electronics Engineering- SME,1
"Graphic, Banner &amp; Brochure Design",1
Corporate Finance &amp; Accounts,1
Content Writing (E-commerce),1
Debt Recovery,1
Hotel Management (Kitchen Department),1
Teaching (Spoken English),1
Food Outlet Operation,1
Sponsorship &amp; Production,1
Research Assistance (History),1
Reels Creation,1
Brand Solutions &amp; Client Servicing (TribeVibe),1
Tutor (Pen-Tab) - Mathematics K-12 (Night Shift),1
People Success,1
3D Visualization/Modelling,1
Legal Research,1
Web &amp; Application Development,1
Videography &amp; Video Editing,1
Directing Assistance,1
C/C++  Development,1
Unreal Development,1
Mobile Application Development,1
AI Startup Founder,1
Telecalling &amp; Event Audience Database Management,1
Content Writing (Software Engineering),1
Swimming Omni Sport,1
Celebrity PR Management,1
App Store Optimization,1
Credit Operations,1
Product Design/Interior Design,1
AI Automation Testing,1
Academics,1
Baking,1
System (Admin),1
Teaching (JEE &amp; NEET),1
Travel Blogger,1
Business Development (Awards),1
Sport Leading,1
Angular/Android/iOS Development,1
Mental Health Camp Field Study,1
Translation,1
Graphic Design &amp; Social Media,1
Q&amp;A Restructuring (Mechanical Engineering),1
CAD Design (Creo),1
Career Strategy,1
Research (Innovation Training &amp; Education),1
Insurance Sales Support,1
Content Auditing (Market Research Department),1
Video Creator,1
Admin- Business Development/Sales,1
Philosophy - Education,1
Human Resources Cum Social Media Coordination,1
Channel Hosting,1
Email Writing Support,1
Team Coordination (Product Owner),1
Accounts &amp; Office Administration,1
Subject Matter Expert (Advance Physics),1
Content Marketing &amp; Design,1
Career Counselling,1
Digital Account Management,1
Finance (Corporate &amp; Retail Loan),1
Graphic Design (Social Media),1
Tele-Sales,1
Graphic Design (Infographics),1
Environmental Sciences,1
Video Creation (Chemistry Solutions),1
Founders Office Operations,1
Miniature Model Making,1
Robotics Engineering,1
SME (Video Solutions - Economics),1
Production Operations,1
Creating Videos For Chess Based YouTube Channel,1
PR,1
Content Creation (Memes),1
Q&amp;A Restructuring (Earth Science),1
Blogging &amp; Web Stories,1
Bakery Internship,1
Marketing Consulting,1
Content Creation &amp; Social Media Marketing,1
Trading &amp; Risk Monitoring And Account Management,1
Wedding Album Design,1
Biology Tutoring,1
Startup Entrepreneurship,1
Onboarding Operations,1
Mutual Fund Sales (Finance &amp; Investment),1
AutoCAD Drafting (Interior Design),1
Research And Development,1
Branding,1
Logistics Management,1
Salon Store Management,1
Business Analysis/Product Management,1
Solutions Management,1
Digital Advertising,1
Account Totaling,1
Image Processing,1
Forex Trading,1
E-Learning Operations,1
"Technology - Frontend, Backend, MySQL And HTML/CSS",1
Financial Modelling (Content Writing),1
Business Studies Tutoring,1
Advocacy,1
Product Management (Outbound),1
3D Animation,1
Chef Assistance,1
PHP/Laravel Development,1
Designing (Home Textile),1
Technical Teaching Assistance,1
Full Stack Development (MERN),1
Python and Data Structure,1
Mathematics,1
Mechanical - Draughtsman,1
Webinar Event Planning,1
Convolution Neural Network,1
Junior Counseling,1
Interior Site Supervision,1
Administration/Finance,1
Space Selling,1
Compliance Service,1
Word Formatting &amp; Editing (Educational Content),1
Robotics Development,1
Website Building,1
Poster Design,1
UI/UX &amp; Graphic Design,1
Subject Matter Expert (Finance &amp; Management),1
LinkedIn Account Management (B2B Marketing),1
Instagram Influencing,1
Volunteering (Event),1
Motion Graphic Design,1
Medical Volunteering,1
Curriculum Design (Ed-tech),1
Back End Development,1
Content Creation/Social Media Marketing,1
Test &amp; Support Engineering,1
Marketing &amp; Business Development,1
Instagram Reel Making/Video Blogging,1
Store Fashion Consulting,1
API Development (Calculator Building),1
Business Analytics/Operations,1
Recruitment (HR),1
Videography &amp; Post Production (Instagram Reels - Motivation/Self Development Category),1
Value Chain Study,1
SME (Video Solutions - Business),1
SAP Finance,1
GST Reconciliation &amp; Accounting,1
Content Curation,1
Audio/Video Editing,1
Visa Specialist,1
Product Designing,1
Backend (Python And Flask) Development,1
Financial Market Research,1
Content Writing (Dermatology),1
IoT Software Development (in C/C++),1
Documentation,1
Design 2D/3D,1
Motion Graphic Design (Videos),1
Talent Acquisition (IT),1
Social Media Marketing (Hybrid),1
WooCommerce Website Development,1
Client Servicing And Digital Marketing,1
Bioinformatics,1
Social Media Marketing &amp; Photography,1
Marketing Educational Tours,1
Wedding Anchoring,1
Social Media &amp; Content Marketing,1
Video Development,1
PowerPoint Creation,1
Inbound Marketing,1
Graphic Desgin,1
Reception,1
AutoCAD Drafting,1
Flipkart Marketplace,1
Reporting &amp; News Writing,1
Finance And Accounting,1
Commercial Operations,1
Content/Blog/Resume Writing,1
Digital Marketing &amp; SEO,1
Market And Business Research,1
CAD Training Assistance,1
Pet Grooming,1
Web3/Blockchain Content Writing,1
Content Writing (UPSC &amp; State PSCs),1
Embedded Systems Intern,1
Doubts And Student Experience (Web Development With React),1
Design Research,1
Node.js Development &amp; Snowflakes,1
Content Review &amp; Development (DIY),1
Content Writing (Calculatoratoz),1
Data Collection,1
Social Media Video Editing,1
HR - Automation &amp; Operations,1
Data Entry And Cataloging,1
UX &amp; UI Development (Figma),1
Teaching - Zoology (M.SC NET),1
Corporate Marketing,1
Business Support,1
Travel Sales,1
Front Office Management,1
SDE (MERN),1
Hindi - Audio Making/Editing (Voice-Overs),1
SME-Video Solutions-Mathematics (English),1
Telesales Associate,1
E-Commerce &amp; Quick Commerce,1
Biomedical Engineering,1
Statistics SME,1
Employee Engagement,1
Subject Matter Expert (Banking-Quantitative Aptitude/English/Reasoning/Banking Awareness),1
Full Stack Web Development,1
Technical Operations,1
Teaching (Coding &amp; Design),1
Screenwriting,1
Animated Video Production,1
Machine Learning Engineering/Python Development,1
Logo Design &amp; ID Card Design,1
Graphic Design (YouTube Thumbnail),1
Product Listing Operations,1
Content Creation (Academics),1
Academic Growth Hacking,1
Social Media/Digital Marketing,1
Subject Matter Expert (PCM Video Solutions),1
Technical (Electronic),1
Voice Over (Voice Recording),1
Video Editor,1
Fashion Design &amp; Merchandising,1
Online Teaching,1
Marketing &amp; Content Writing,1
Insurance Assistance,1
Market Research and Analysis,1
Social Media Marketing (Football Club),1
2D Animation (Motion Graphics),1
Communication,1
Customer Support (Females),1
Self Driving Car/Robotics,1
C And C++ Development,1
Technical Advisory,1
Audio Editing,1
Digital Marketing Outreach,1
Event Management (Concepts),1
"Performance Marketing (Amazon Listings, Amazon Ads, A+ Content, Store Front Building)",1
Event Assistance,1
Brand Marketing &amp; Content Writing,1
Content Writing &amp; Social Media,1
Machine Learning (Object/Video),1
Embedded Firmware,1
ASP.NET WebAPI Development,1
Event Coordination/Anchoring,1
E-commerce Reconciliation,1
Management Trainee (Business Development),1
Fashion Design (Menswear),1
Jewelry Design,1
Chat Service,1
Online Advertising,1
Quality Assurance Engineering,1
Site Engineering,1
Learning Content Creation,1
Store Keeping (Electrical &amp; Electronics),1
Influencer Community Management,1
Linux Admin &amp; Cyber Security,1
Hospitality,1
Bookkeeping,1
French Tutoring,1
Mobile App Development - iOS,1
Business Marketing,1
Marketing (Specialist),1
Interior Designer,1
Content Development (Non-STEM),1
Client Relationships and Operations,1
Office Operations,1
Quality Inspection,1
Business Research (AI),1
Field Work,1
Technical Writing,1
Footwear Merchandising &amp; Design,1
Firebase And React Native Development,1
Brand Alliance,1
Graphic Design (Pinterest),1
Brand Solutions,1
Tutoring (Commerce),1
Full Stack Web Developement,1
Content Development (Political Science),1
Content Development (Social Cause Initiatives),1
Desktop Publishing (DTP),1
Sales - Tamil,1
Community Representative,1
Electronics,1
Human Resources (HR) Recruitment,1
Biotechnology Engineering,1
MERN Fullstack,1
Design And Simulation,1
Language Teaching (Malay),1
Social Work &amp; Psychology Fellowship,1
Catalogue,1
Listing Management,1
WordPress Development (Instructor),1
Financial Advising,1
Storytelling,1
Google Sketchup Design,1
Video Making/Editing (Social Media),1
Corel Design/Graphic Design,1
Architectural Planning &amp; Design,1
Instagram Engagement,1
Q&amp;A Restructuring (Civil Engineering),1
Fundraising Management,1
Laravel PHP Development,1
Business And Management,1
Training Coordinator,1
Software Development (Backend API Development),1
Operations Management And Core Finance Tutoring,1
Data Management &amp; Email Marketing,1
Podcast Hosting (Books &amp; Authors),1
Business Development (Marketing),1
Social Media Marketing - Instagram,1
Customer Support Engineering (IT),1
Finance &amp; Accounting,1
Internal Auditing,1
Assistance to the Founder,1
Software Sales,1
Market Research And Outreach,1
Next.js Development,1
Market Research/Public Relations/Outdoors Branding,1
Spanish Teaching (Online),1
Online Subject Tutoring (Logical Reasoning),1
Backend Development (Flutter),1
Technical Support Executive,1
Content Creation (Mini Vlog),1
Web Development (Backend Node.js Development),1
SME - Video Solutions (Mathematics - Hindi Medium),1
Buisness Development,1
Content Writing And Anchoring,1
Event &amp; Artist Management,1
PHP - WordPress Development,1
PPC Marketing,1
ERP Implementation,1
Equity Analytics,1
Web Development (Full Stack),1
Marathi News Anchoring,1
Crowdfunding Management,1
Performance Marketing (Google Ads Executive),1
Architecture (B.Arch),1
Anroid App Development,1
Facebook Ads Manager (Media Buying),1
Retail Operations,1
Tax &amp; Finance Recruitment,1
Testing,1
Content Writing (Python Tutorials),1
Video Editing/Making (In-Office),1
Content Writing (MMA/Boxing),1
Software Project Management,1
Store Management,1
Subject Matter Expert (Computer Science),1
General Management (Chief Of Staff To CEO),1
SME (Text Based Solutions) (Banking),1
Online Bidding &amp; Lead Generation,1
Video Editing &amp; Content Creation,1
Strategy And Planning,1
English Voice Over,1
3D Printing Design,1
Dietetics/Nutrition - Content,1
Operations Specialization,1
PHP Laravel App Development,1
Journalism (Technology News),1
Key Account Management,1
Event And PR,1
Sales And Influencer Relations Management,1
Java/Spring Boot/REST API Development,1
Graphic Design - 2D,1
Direct Response Copywriting,1
Teaching (R-Programming),1
Data Science (Lead Generation),1
Game Design,1
Angular 2+ Development,1
Marketing &amp; Branding,1
Business Analyst,1
Community Moderating,1
Customer Success And Data,1
Image And Video Editing,1
3D Character Making,1
Growth Hacking (Marketing),1
Equity Research Analysis And Equity Trading,1
Application Support Engineering (IoT),1
Communication And Branding,1
WIX Development,1
Full-stack Software Development (Java/Spring Boot/Hibernate/JavaScript/ReactJS),1
E-Commerce Product Listing,1
Django And React Development,1
Product Presentation (Not Sales),1
Content Writing (eSports),1
German Language Training,1
Voice-Over,1
NGO Coordination,1
Commodity Trading,1
Photography And Videography,1
Ecommerce Listing/Backend Management,1
Football Coaching,1
Media Buying,1
Product/Catalog Management,1
Content Creation/Hosting,1
Content Strategist (FinTech),1
Soil Science &amp; Agriculture Chemistry,1
Computer Hardware Engineer,1
SME - Video Solutions (Chemistry - Hindi Medium),1
Human Resources &amp; Operations,1
Electromagnetic Engineering,1
Product Development (Mechanical),1
LinkedIn Sales &amp; Marketing,1
Static Page Creation,1
Junior Art Direction,1
Graphic Design (Fashion),1
Sales Analysis,1
Outreach Assistance (iMessage),1
Business Operations (Platform Management),1
Voiceover Creation,1
Digital Marketing Execution,1
License Renewal Support,1
Digital Marketing And Sales,1
3D Illustration,1
Cloud Engineering,1
Guest Posting,1
Web/Graphic Design,1
Calligraphy,1
Chartered Accountancy (CA) &amp; Taxation,1
Digital Marketing (Social Media Management),1
SEO (Backlink),1
Digital Marketing (Client Servicing),1
Marketing (B2B),1
Office Admin,1
Marine Engineering,1
Business Development (For Women Only),1
Network &amp; System Administration,1
Live News Anchoring (Hindi),1
Computer Operations,1
Publishing,1
Nursing,1
Digital Art/Storyboard Art,1
Sales Growth,1
Career Development (CDE/CDO),1
Public Relations And Marketing,1
Tele Sales,1
Video Editing (Educational Content),1
React Native Mentoring,1
Business Analytics (Startup Businesses for VC Company),1
Applications/Software Development,1
Content Presentation,1
HR- Recruiting,1
CAD Exterior Design Engineering -Quality Assurance /Production,1
Food Technology,1
Financial Life Advisory,1
SME Video Solutions (Physics - Hindi Medium),1
Book Design,1
Finance Transformation (CA),1
MBA Tutoring,1
Actuarial - Life Insurance,1
Medicine,1
Rural Consulting,1
Marketplace,1
Social Media Marketing &amp; Graphic Design,1
SAP BI &amp; Analytics,1
Assessment Content Writing,1
SME Video Solutions Physics (English),1
Industrial Design &amp; Manufacturing 3D Prototyping,1
Law,1
Content Research - Banking And Fintech,1
Front End Development (VueJS),1
GIS Engineering,1
Legal Data Management,1
Progressive Web Apps (PWA) Development,1
Business Management/Product Management,1
Operations &amp; Finance,1
Field Sales &amp; Marketing - Financial Services,1
Social Media Analysis,1
Client Servicing &amp; Acquisition,1
Teaching (Inclusive Education),1
Pitch Deck Creation On Figma,1
Actuarial Science,1
2D AutoCAD Design,1
Content Writing &amp; SEO,1
Project Sales,1
German Training,1
Video Curation - Technology/Fashion/Video Creation,1
React Native App Development,1
Fashion Merchandising (Sales),1
Node.js (Backend Development),1
Telemarketing,1
Selenium Development,1
Electrical &amp; Electronics Engineering,1
React Native Devlopment,1
Doodle Creation,1
Service Delivery Operations,1
WordPress Article Editing,1
IOT Engineering (Healthcare),1
Telecalling (Gujararti),1
Candidate Success,1
Teaching (Python),1
Event/Permission Coordinator,1
Sales Promotions,1
Market/Business Research,1
Content Executive,1
3D Rendering,1
Business Accounts Intern,1
Content Writing (CAT Exam),1
Pedagogy Research,1
Digital Portrait Art,1
Jewelry Designing,1
Content Writing (Web3 Project),1
Marketing &amp; Activations,1
Content Curation And PowerPoint Slide Creation,1
Tellecalling,1
Web And App Development,1
Photography &amp; Videography (Home Interiors),1
Sales &amp; Marketing Analytics,1
Teaching on Youtube (Math Physics English),1
Tele Collection,1
Front Office Operations,1
Education Loan Counseling,1
International Customer Acquisition,1
Social Media Optimization,1
Creative Design &amp; Video Editing,1
CAD Production Exterior Design,1
Internal Product Management (ERP),1
Admission Advising,1
Subject Matter Expert - Chemical Engineering,1
Instrumentation and Control Engineering,1
Business Development Research,1
E-Learning Content Creation,1
Analysis,1
Project Trainee â Expert Advocacy,1
Online Sales,1
Behavioral Data Science,1
Makeup Artist,1
Web Development &amp; Design,1
MBA Sales,1
Digital Marketing Project Management,1
Anchoring  And Handling Channel,1
Mechatronics Engineering,1
Google AdWords And PPC,1
Service Engineering,1
Strategy (Founders Office),1
Graphic Design Trainee,1
Data Annotation/Labelling (Computer Vision-Image Data),1
Academic Writing (Dissertation),1
Paralegal Operations,1
Business Management,1
React JS Developer (Intern),1
Scheduling Presentations,1
Relationship Manager (Management),1
Content Publishing,1
Content Writing (TV Shows),1
Content &amp; Media,1
Field Survey,1
Network Administration And Hardware Admin,1
Campus Operations,1
Electronics Project Teaching,1
Quantity Survey,1
Compensation Benchmarking Evaluation,1
Social Media Management And Editorial,1
Robotics,1
Architectural Drafting,1
Early Childhood Care &amp; Education,1
Meshing,1
Teaching (Spanish),1
Apparel Designing,1
Video Editing (Celebrity Platform - Mumbai - Chembur),1
Data Science Research,1
Motion Graphic Designing,1
Business Coordination,1
Account Receivables Consultancy,1
Host Onboarding,1
Sales Management - (PVC Pipe),1
Academic Content Development,1
Business Analytics (MIS),1
Partnership &amp; Alliances With Co-working Spaces,1
Fashion Sales &amp; Management,1
Front End Development (ReactJS),1
Korean Restaurant Marketing,1
App Development Using React Native &amp; JS,1
WordPress Website Development Based on Theme,1
Software Development For Embedded Systems,1
Equity Trader And Research Analysis,1
Accounts &amp; Bookings,1
Animation &amp; Graphic Design,1
Graphic Design &amp; Creative Art,1
Engineering (Chemical/Biotechnology/Microbiology),1
Cinema 4D Design,1
Software Implementation,1
Bollywood/Regional Dance,1
Teaching (Arduino),1
Back Office Management (Females Only),1
Sales and Business Development,1
Graphics &amp; Video Development,1
SME (Text Based Solutions) (Railways),1
Fashion Management/Buying &amp; Merchandising,1
Podcast Creation,1
Sports Apparel Merchandising,1
Video Editing (Viral Videos),1
Operational Risk Management (ORM),1
Virtual Volunteering,1
Visual Design/Illustration (Fine Arts),1
Children Theatre,1
Social Media Analytics,1
Digital Marketing Training Teaching Assistance (Virtual),1
Anchoring/Acting/Content Creation,1
Power Electronics,1
Social Media And Operations,1
HR &amp; Placement Coordination,1
Founder's Office - Strategy,1
Anchoring &amp; Video Editing,1
Social Media Marketing/Sales,1
Operations - Data Management,1
Digital Marketing- Partnership,1
Tour Coordination,1
Videography &amp; Editing (YouTube),1
Flutter Mobile Application Development,1
Counselling &amp; Telecalling,1
Ad Copwriting,1
Robotics &amp; STEM Education,1
Home Consultancy,1
Social Media Marketing And Video Editing,1
Graphic &amp; UI Design,1
Video Solution Expert (PCMB),1
Marketing &amp; Product Upload In E-Commerce,1
Marketing &amp; Communications,1
SCM (Automation),1
AI Tool Tweaking,1
Security Analytics,1
Content Writing (Entertainment News),1
Social Media Corresponding,1
Electronics Research And Development,1
Hindi Content Writing (Mathematics),1
Business Development (Research),1
Growth Product Management,1
Field Application Engineering,1
Teaching (Programming: Java),1
Research (Analytics),1
Assistant Architecture,1
Graphic Design &amp; Marketing,1
ONDC API Integration,1
Academic Writing (English &amp; Mass Communications),1
Human Resources (HR)- Induction,1
Business Development/Analysis,1
ERP Project Support,1
Crowd Funding,1
Subject Matter Expert (Accounts),1
3D Mechanical Design,1
ESG &amp; Sustainability Research,1
Presales,1
CAD Textile Design,1
Email &amp; LinkedIn Marketing,1
Content Writing (For Ecommerce Product),1
Multimedia Art,1
Marketing &amp; Sales Executive,1
Finance and Marketing,1
Digital Organic Marketing,1
Design Engineering,1
Subject Matter Expert (Physics),1
Content Development (Coding),1
Teaching (Economics),1
News Anchoring,1
CRM,1
Subject Matter Expert (SME) - Economics &amp; Accounts,1
Front End Development &amp; UX/UI Consulting,1
Admin And Operations,1
Public Relations,1
Logistics Coordination,1
Events &amp; Hospitality,1
YouTube SEO,1
Teaching (Bengali),1
Human Resources (Employee Engagement),1
"Marketing, Content &amp; E-Commerce Management",1
Database Engineering,1
E-commerce Catalogue,1
Process Coordination,1
On-Field Market Research &amp; Execution,1
Teaching (English Creative Writing),1
Book Editing,1
Project Trainee - HR,1
Litigation,1
Apparel Merchandising,1
Content Updation,1
Skill Development Awareness,1
Cloud Cost Analyst,1
Writing,1
Software Development (Java &amp; React),1
Counseling &amp; Teaching Support,1
Human Resources (Payroll),1
Artificial Intelligence (AI/ML),1
Analog Design,1
UI/UX And Graphic Design,1
UI Development,1
Real Time Doubt Solving/Subject Matter Expert (Organic Chemistry),1
Quality Testing,1
Print Journalism,1
Agriculture &amp; Food Engineering,1
Content Creation &amp; Strategy Management,1
Social Media Marketing &amp; Video Editing,1
Business Process Mapping,1
District Development,1
Technical Support &amp; Monitoring,1
Deal Curation,1
Flutter Web/App Development,1
Investor Relations,1
Quality Analysis (Calls &amp; Email Auditing),1
Receptionist (Training Center),1
Mechanical Engineering &amp; Design,1
Sustainability Fellowship,1
Alt-text Writing,1
Project Management (Portal Testing),1
Artificial Intelligence (AI) &amp; Deep Learning,1
React/Next Front-End Development,1
Field &amp; Online Marketing,1
QA Software Testing,1
Hardware Engineering,1
US Accent Telecalling,1
Digital Marketing Creative Creation,1
Calibration Engineering,1
Slogan &amp; Taglines Writing (Creative Writing),1
Category Management,1
City Coordination,1
College Ambassador,1
Content Writing &amp; Digital Marketing,1
Branch Operations,1
Illustration And Graphic Design,1
Video Editing &amp; Photo Editing,1
Telecalling - User Analysis,1
Social Media Content Creating/Video Acting,1
E-commerce Operations &amp; Customer Service,1
Business Development And Research,1
Content Development (English) - Sustainability &amp; Climate Action,1
Biology,1
Strategy,1
Pharmacy,1
UX Design,1
Publication Editing,1
WordPress Website Design,1
Short Video Presentation,1
Instagram Reels Creation,1
Environmental Studies Faculty,1
Corporate Legal Management,1
Stock Market Operations &amp; Advisory,1
Accounts (Finance),1
Petrochemical Engineering,1
Software Business Analytics,1
ORM,1
Content Management (Technical),1
Training (IELTS),1
Webflow Web Development,1
Student Counseling,1
Clinic Assistance - Marketing,1
CEO's Office,1
Subject Matter Expert (Video Solutions Project),1
Back-End Software Development,1
Payment Coordination,1
Drone Pilot,1
Marketing (Art Curation),1
Information Security,1
Blockchain Research Analytics,1
Automation Testing,1
Subject Matter Expert (Project Management),1
Accounts (Audit),1
Non-profit Partnerships,1
Telesales Representation,1
On-Site Volunteering,1
Subject Matter Expert - Pen-tab Video Solutions,1
Python/Microcontroller/Gaming Development,1
Graphic Design &amp; Animation,1
SEO And WordPress,1
B2B Partnerships Development,1
Community Management (Discord/FB),1
Data Verification,1
Market Research and Brand Awareness,1
Resume Writing,1
3D Design,1
Digital Marketing &amp; Communication (Space Tourism),1
Python Programming Teaching,1
Technical Training Content Development,1
Digital Marketing (Paid and Organic),1
Teaching (German),1
Marketing (BTL Activity),1
Product Research,1
Mime Art,1
Investment Strategy,1
Medical Procurement,1
Academic Assignments (Managerial/Accounting/Finance),1
Social Media And Graphic Content,1
Junior Academic Counselling,1
Assistant Management,1
Computer Vision And IoT - Web Application Development,1
Algo Trading Research,1
Community Moderation,1
Office Assistance (E-commerce),1
Content Coordination - Star Utsav,1
Research &amp; Business Development (Marathi Proficiency),1
Social Media Content Curation,1
Telecalling + Digital PR,1
UI/UX/Web Design,1
Backend Assistance,1
Media Planning,1
Telecalling (Kannada/Malayalam),1
Content And Social Media Management,1
SEO &amp; Website Management,1
Market Research Analysis,1
Innovation Scout,1
Content &amp; Program Building,1
Graphic Design (Brand Identity),1
Content Writing - Marketing Division,1
Motion Graphic Design (Video),1
Operations (e-Commerce),1
Business Development (Online Bidding),1
Vlogging/Presenting,1
Sales (Events),1
Automation,1
Business Process Management,1
Content Production,1
General Management &amp; Marketing,1
Talent Acquisition (Vendors Collaboration),1
Consulting Assistance,1
Alumni Experience,1
Customer Relationship,1
Question Solving (Video Projects - Pure Hindi),1
Startup Fellowship,1
Sales - Software Services,1
Customer Engagement,1
Civil Engineering &amp; Interior Design,1
Business Strategy Management,1
Robotic (Process Automation),1
SME-Video Solutions-Chemistry (English),1
E-Learning Content Writing &amp; Editing,1
Patent Assesment,1
Field Sales Representation,1
Finance Associate,1
Electrical/ Mechatronics Engineering,1
Digital Media &amp; Marketing,1
Hairdressing &amp; Beauty,1
Content Management â Combat Sports,1
Presentation Design (PPT),1
L&amp;D Internship,1
Unity + Firebase (Backend Development),1
Wordpress Blog Development,1
Charity Volunteering,1
Q&amp;A Restructuring (Computer Science),1
Administration &amp; Coordination,1
Fashion Jewelry Merchandising,1
Subject Matter Expert (Accounting),1
Technical Research,1
Software Development (Multi-Technology),1
3D Modelling &amp; Animation,1
Partner Development,1
Marketing &amp; Content Creation,1
UPSC Subject Matter Expert,1
Business Development - Growth &amp; University Relations,1
Transcription,1
Recruitment &amp; Talent,1
YouTube Shorts Creation,1
Data Science &amp; AI Content Writing,1
Networking And Security,1
Frontend Development (Angular),1
Q&amp;A Restructuring (Statistics &amp; Probability),1
Academic Content Expert for Mathematics (English),1
Content Writing (Technical),1
Community,1
Placement/Client Relationship Management,1
Digital Outreach &amp; Marketing,1
Event and Hospitality,1
User Interface Design,1
Simulation Engineering,1
Product Executive,1
TikTok Sales,1
"AWS, Scala &amp; Spark Development",1
Auditing &amp; Accounting,1
3D Character Art,1
Customer Relationship Operations,1
AI API Development,1
Chartered Accountancy (CA) Article,1
Videography &amp; Editing,1
Accounting &amp; Reporting,1
Operations &amp; Office Management,1
Question &amp; Answer Restructuring (Advanced Mathematics),1
Project Management/Operations Management,1
Video Editing &amp; Graphics Design,1
Digital Marketing (Team Leader),1
Frontend Engineering (Web3),1
Literature Research (Management),1
Digital Marketing/Email Marketing,1
Presentation Design,1
Abacus - Teaching,1
Italian Language Speaking,1
Assistance Direction,1
Sales Specialist,1
Founder's Office,1
Community Management (WhatsApp Group),1
Content Writing (Financial Sector),1
Campus Ambassador &amp; Recruitment Specialist,1
Embedded Systems Engineering,1
B2C Marketing,1
Telecalling (Marathi),1
Subject Matter Expert (Mathematics),1
Operations (Admin Executive Trainee),1
International Operations,1
Content Writing (Football),1
Python,1
Client Servicing (Operations),1
Canteen Management,1
Data Research &amp; Marketing,1
Electronics Hardware Engineering,1
Market Field Survey,1
Events &amp; News Reporting,1
CRM  - Marketing,1
Website &amp; Social Media (Content Creation &amp; Management),1
SMS Marketing,1
Executive Assistance (MBA),1
Purchase Management,1
Enterprise Sales,1
Python ML Development,1
Content Writing &amp; Video Editing,1
Social Media Post Design,1
CAD Design Engineering,1
Data Entry and Grocery Matching,1
Event Organizing (Art Gallery),1
Site Supervision,1
VBA/Lisp/Graphics Design,1
Subject Matter Expert (Commerce &amp; Economics),1
Project Management &amp; Research,1
Social Media Marketing &amp; BD,1
Research - Consulting Services,1
Technical Customer Support,1
Mechanical Design &amp; Prototyping,1
Web Development (Golang),1
Fashion Merchandising,1
Currency Trading,1
MATLAB &amp; VLSI Development,1
Hindi Content Writing,1
YouTube Shorts/Reel Creation,1
Project Execution Management,1
Finance (Operations),1
Medical Operations,1
JavaScript Development (React),1
IT Customer Service/IT Technical Service,1
News/Content Writing,1
Reel creation (Instagram),1
Telecalling (Female),1
Data Entry/Computer Operations,1
Publishing Management,1
Web3 Social Media Community Management,1
Subject Matter Expert for Chemistry,1
Guest Relations,1
Course Content Development,1
API Development,1
Communications,1
Inside Sales Internship,1
Video Presenting &amp; Anchoring (Reels/Shorts Making),1
Email &amp; Chat Process,1
Digital Branding &amp; Marketing,1
Retail Sales Executive (Electronics),1
Telecalling &amp; General Management,1
Product Management Strategy Web3,1
Business Development (Product Development),1
Client Relationship Management,1
Digital Marketing Management And Growth Hacking,1
Python Development (Backend),1
Motion Graphics Designing,1
Executive Assistant,1
Animated/Graphics Video Creation,1
Content Writing/Digital Marketing,1
ORM (Customer Relations),1
Remote Surveillance,1
Social Media/Influencer Marketing,1
Content Creation (Reels),1
Flutter Dart Cross Platform App Development,1
Marketing &amp; Research,1
Content Development (Biology),1
Information Technology (ManualTesting),1
Product Design (Web Apps),1
UAV Systems Engineering,1
Personal Assistant,1
Tech Content Writing (Blogs) On SEO Tools,1
Corporate Social Responsibility,1
Typing &amp; DTP,1
AdWords Operations,1
Public Relations (PR) &amp; Marketing,1
Founder's Assistance - BITS/IIT/IIM/NIT,1
Website Management,1
Sales (Telecalling),1
Database Management,1
Market Research &amp; Content Development (Quiz),1
Content Writing and Research,1
Wastage Control,1
Video Editing Cum Back Office Assistance,1
Marketing (Healthcare and Medical),1
Data Research Analysis,1
Media,1
Subject Matter Expert (Supply Chain Management),1
Project Coordination &amp; Documentation,1
Video Creating/Editing,1
Multiple E-commerce Platform Listing,1
Hotel Management (Bakery &amp; Pastry Chef),1
Content Writing (Social Studies),1
Technical Marketing and Sales,1
Culinary Arts (Chef),1
Manufacturing Engineering,1
Outreach Team Leading,1
Trainee Engineering- Computer Vision,1
Aircraft Design &amp; Field Testing,1
Digital Marketing (Content Writing),1
Web Development &amp; Cloud Security,1
Infographics Creation,1
Web Design (Apps And Websites),1
WordPress Site Management,1
Report Writing,1
Sales Engineering,1
Front Desk/HR,1
Content Writing (WWE),1
Electronics &amp; Hardware Engineering,1
Posts Design (Social Media),1
Sales &amp; Business Development,1
Videography (Making &amp; Editing Product Videos/Reels),1
Electrochemistry Research,1
Java Development Teaching,1
Content Writing (News Website),1
Field Service Engineering &amp; Operations,1
Product Designer,1
Commerce Tutoring,1
Neet UG Physics/Chemistry Content Curation,1
Feild Promotion,1
Digital Art,1
Psychology &amp; Counseling,1
Customer Success &amp; Business Analysis,1
Telecalling (Tamil),1
Social Media Assistant (Reels &amp; Edits),1
Big Data,1
Meesho Marketplace,1
Content Writing (NBA),1
Undergraduate Summer Research Fellowship,1
Laravel Developement,1
Telecalling (Telugu),1
Personal Secretary,1
Jewellery Design,1
Business-To-Business/B2B,1
Agriculture,1
Travel &amp; Tourism Operations,1
Fixed Asset Verification,1
UI Designing/Wireframe,1
Video Making (Anchoring),1
Consulting,1
React Native iOS Development,1
MATLAB Simulink,1
"SAP ABAP, BASIS, UI/Fiori &amp; SD",1
Social/Performance Media Marketing,1
Voice Over,1
Fine Art,1
WordPress Web Development,1
